session_duration_min,break_frequency,focus_score,time_of_day,time_since_last_break,profile_ground_truth,cluster,fatigue_risk
43.3,2,74.9,10,4.0,optimal,1,Low Risk
52.6,1,85.8,15,33.3,optimal,1,Low Risk
53.0,1,72.8,19,24.5,optimal,1,Low Risk
69.1,2,81.2,19,20.6,optimal,1,Low Risk
123.7,0,19.7,0,87.0,fatigued,0,High Risk
76.8,2,81.1,19,4.9,optimal,1,Low Risk
144.7,0,43.2,21,85.5,fatigued,2,Medium Risk
39.1,1,91.0,17,35.8,optimal,1,Low Risk
89.7,0,44.6,21,92.4,fatigued,2,Medium Risk
122.6,0,29.5,0,64.5,fatigued,0,High Risk
23.2,3,66.4,17,0.1,distracted,1,Low Risk
20.9,3,61.7,19,1.2,distracted,1,Low Risk
14.9,4,71.8,16,3.1,distracted,1,Low Risk
93.1,0,50.0,0,118.3,fatigued,0,High Risk
20.7,3,53.9,16,0.4,distracted,1,Low Risk
130.0,1,38.9,20,78.9,fatigued,2,Medium Risk
113.4,1,56.2,0,92.4,fatigued,0,High Risk
38.2,1,68.9,14,8.7,distracted,1,Low Risk
43.7,3,57.4,21,3.6,distracted,1,Low Risk
133.8,0,34.9,22,85.0,fatigued,2,Medium Risk
54.9,1,94.4,18,12.9,optimal,1,Low Risk
62.6,2,76.6,8,5.9,optimal,1,Low Risk
25.6,2,63.4,10,6.3,distracted,1,Low Risk
179.2,3,52.3,2,105.7,fatigued,0,High Risk
48.0,3,91.1,11,39.3,optimal,1,Low Risk
26.1,3,48.0,12,5.9,distracted,1,Low Risk
120.3,0,44.3,22,80.9,fatigued,2,Medium Risk
10.0,4,68.7,11,9.2,distracted,1,Low Risk
38.1,1,42.9,19,9.8,distracted,1,Low Risk
31.2,3,65.0,20,1.9,distracted,1,Low Risk
72.2,3,88.1,11,35.5,optimal,1,Low Risk
78.3,3,81.4,9,6.4,optimal,1,Low Risk
151.5,2,40.0,20,70.6,fatigued,2,Medium Risk
54.3,3,81.3,10,26.3,optimal,1,Low Risk
112.6,0,43.2,2,75.0,fatigued,0,High Risk
121.8,0,48.7,0,90.2,fatigued,0,High Risk
77.8,0,54.8,0,90.0,fatigued,0,High Risk
66.0,2,86.0,12,35.3,optimal,1,Low Risk
28.7,3,50.5,14,5.7,distracted,1,Low Risk
51.0,0,83.7,17,37.4,optimal,1,Low Risk
93.5,1,26.9,3,100.3,fatigued,0,High Risk
48.7,2,82.8,16,28.1,optimal,1,Low Risk
73.6,2,81.3,10,10.2,optimal,1,Low Risk
62.9,1,87.5,15,28.1,optimal,1,Low Risk
26.8,3,78.9,21,5.8,distracted,1,Low Risk
49.9,2,85.7,8,1.5,optimal,1,Low Risk
21.1,2,72.1,10,8.3,distracted,1,Low Risk
57.7,3,81.3,15,29.0,optimal,1,Low Risk
10.0,3,75.9,10,4.0,distracted,1,Low Risk
53.5,3,81.6,8,6.9,optimal,1,Low Risk
64.8,0,86.9,16,26.4,optimal,1,Low Risk
169.5,0,35.2,3,69.5,fatigued,0,High Risk
49.8,1,82.3,8,12.5,optimal,1,Low Risk
152.9,0,41.4,1,98.1,fatigued,0,High Risk
81.6,1,94.7,17,20.0,optimal,1,Low Risk
132.4,1,49.3,23,94.5,fatigued,2,Medium Risk
50.8,4,90.7,10,32.8,optimal,1,Low Risk
133.4,0,31.3,23,66.0,fatigued,2,Medium Risk
64.2,1,92.8,8,26.2,optimal,1,Low Risk
45.3,1,76.4,17,27.9,optimal,1,Low Risk
130.9,1,17.8,0,118.1,fatigued,0,High Risk
161.7,2,45.3,23,82.3,fatigued,2,Medium Risk
35.5,2,71.4,14,2.4,distracted,1,Low Risk
72.9,3,73.7,11,33.1,optimal,1,Low Risk
56.4,3,82.9,19,38.3,optimal,1,Low Risk
39.8,2,80.2,19,6.3,distracted,1,Low Risk
89.8,0,58.1,22,72.8,fatigued,2,Medium Risk
34.0,3,65.0,10,1.0,distracted,1,Low Risk
53.5,2,85.2,9,35.7,optimal,1,Low Risk
42.4,2,86.2,13,32.5,optimal,1,Low Risk
22.8,2,68.6,21,5.6,distracted,1,Low Risk
57.6,2,85.0,19,22.9,optimal,1,Low Risk
36.5,3,64.9,16,7.5,distracted,1,Low Risk
61.3,3,83.0,13,17.5,optimal,1,Low Risk
30.5,3,68.4,14,0.4,distracted,1,Low Risk
44.0,1,82.2,8,25.1,optimal,1,Low Risk
116.7,1,44.6,23,80.1,fatigued,2,Medium Risk
44.4,1,80.6,12,39.0,optimal,1,Low Risk
33.4,4,44.9,10,4.1,distracted,1,Low Risk
70.2,4,76.3,16,16.7,optimal,1,Low Risk
29.3,2,53.8,10,4.8,distracted,1,Low Risk
44.4,2,61.1,18,4.1,distracted,1,Low Risk
60.1,2,81.8,12,29.0,optimal,1,Low Risk
80.3,2,81.1,11,9.1,optimal,1,Low Risk
74.0,2,5.2,3,61.3,fatigued,0,High Risk
27.3,3,54.3,21,5.6,distracted,1,Low Risk
19.8,2,74.9,16,7.6,distracted,1,Low Risk
73.2,3,76.2,18,3.6,optimal,1,Low Risk
10.0,4,79.1,21,3.0,distracted,1,Low Risk
32.3,4,58.6,10,2.6,distracted,1,Low Risk
119.8,1,21.8,0,72.5,fatigued,0,High Risk
147.4,3,29.0,22,68.3,fatigued,2,Medium Risk
104.6,0,44.7,22,112.5,fatigued,2,Medium Risk
120.5,1,34.7,21,76.7,fatigued,2,Medium Risk
38.5,1,78.9,9,5.1,optimal,1,Low Risk
42.6,3,84.0,15,34.9,optimal,1,Low Risk
28.9,2,61.8,10,0.8,distracted,1,Low Risk
121.1,0,40.6,23,82.1,fatigued,2,Medium Risk
145.5,0,36.4,2,110.7,fatigued,0,High Risk
73.5,3,82.6,19,0.8,optimal,1,Low Risk
50.3,0,83.3,19,9.3,optimal,1,Low Risk
28.3,0,95.9,11,21.5,optimal,1,Low Risk
106.8,2,47.1,22,82.7,fatigued,2,Medium Risk
111.3,0,23.6,1,96.3,fatigued,0,High Risk
50.2,1,89.0,18,3.5,optimal,1,Low Risk
62.2,2,87.3,13,26.7,optimal,1,Low Risk
50.4,4,50.9,12,8.4,distracted,1,Low Risk
36.4,4,62.7,15,5.8,distracted,1,Low Risk
101.8,2,95.3,8,14.8,optimal,1,Low Risk
61.7,1,29.9,23,75.3,fatigued,2,Medium Risk
135.9,2,37.9,3,96.4,fatigued,0,High Risk
31.6,2,75.1,14,7.3,distracted,1,Low Risk
34.9,4,67.6,17,8.3,distracted,1,Low Risk
36.4,2,53.2,19,9.1,distracted,1,Low Risk
85.6,4,81.6,15,17.6,optimal,1,Low Risk
26.5,1,93.4,16,14.2,optimal,1,Low Risk
48.8,2,77.6,15,25.0,optimal,1,Low Risk
77.2,3,91.2,11,29.7,optimal,1,Low Risk
149.1,1,55.1,20,62.0,fatigued,2,Medium Risk
34.0,4,54.9,13,4.6,distracted,1,Low Risk
215.2,1,49.6,0,73.8,fatigued,0,High Risk
149.2,1,58.8,22,95.9,fatigued,2,Medium Risk
28.9,3,66.5,15,4.0,distracted,1,Low Risk
59.2,2,98.2,16,10.2,optimal,1,Low Risk
21.2,3,54.0,13,7.9,distracted,1,Low Risk
79.5,2,82.6,17,33.6,optimal,1,Low Risk
98.1,4,81.0,12,15.2,optimal,1,Low Risk
36.6,2,62.5,13,5.4,distracted,1,Low Risk
17.1,1,55.6,11,9.2,distracted,1,Low Risk
30.8,3,44.7,13,4.2,distracted,1,Low Risk
40.8,1,60.8,15,2.2,distracted,1,Low Risk
15.2,5,43.7,15,0.9,distracted,1,Low Risk
55.7,3,54.3,16,4.3,distracted,1,Low Risk
153.9,0,54.7,3,93.9,fatigued,0,High Risk
56.2,3,82.2,9,21.4,optimal,1,Low Risk
10.0,2,52.8,16,9.5,distracted,1,Low Risk
72.5,1,83.7,19,32.0,optimal,1,Low Risk
150.7,0,33.8,2,61.2,fatigued,0,High Risk
52.1,2,89.3,8,22.3,optimal,1,Low Risk
36.2,4,64.2,13,9.4,distracted,1,Low Risk
34.6,0,76.7,9,0.5,optimal,1,Low Risk
47.6,2,70.5,19,8.3,distracted,1,Low Risk
77.8,2,86.1,16,17.4,optimal,1,Low Risk
29.0,3,59.7,10,4.8,distracted,1,Low Risk
146.1,2,41.7,20,75.5,fatigued,2,Medium Risk
28.2,1,61.0,16,6.8,distracted,1,Low Risk
43.5,3,80.1,18,2.7,distracted,1,Low Risk
37.2,3,69.8,21,6.3,distracted,1,Low Risk
155.6,1,33.8,0,83.0,fatigued,0,High Risk
60.4,2,86.0,11,30.8,optimal,1,Low Risk
56.6,3,87.9,11,28.8,optimal,1,Low Risk
67.4,1,41.8,0,89.0,fatigued,0,High Risk
41.5,1,97.8,11,2.1,optimal,1,Low Risk
58.6,1,86.2,16,14.1,optimal,1,Low Risk
143.0,2,45.0,20,74.8,fatigued,2,Medium Risk
136.0,1,24.3,22,78.9,fatigued,2,Medium Risk
32.2,4,63.8,21,5.4,distracted,1,Low Risk
36.1,4,70.6,15,9.8,distracted,1,Low Risk
43.5,4,68.2,18,9.4,distracted,1,Low Risk
62.0,1,90.3,15,38.8,optimal,1,Low Risk
41.3,2,81.9,16,4.6,distracted,1,Low Risk
130.2,1,19.9,0,64.6,fatigued,0,High Risk
157.7,0,41.8,23,94.3,fatigued,2,Medium Risk
161.7,1,57.1,0,97.0,fatigued,0,High Risk
70.7,2,98.0,10,2.8,optimal,1,Low Risk
50.2,1,84.0,14,20.9,optimal,1,Low Risk
29.9,2,50.0,17,2.9,distracted,1,Low Risk
48.5,0,79.0,15,5.0,optimal,1,Low Risk
23.5,3,83.1,21,4.2,distracted,1,Low Risk
50.0,2,87.5,12,33.2,optimal,1,Low Risk
58.1,1,81.8,16,7.5,optimal,1,Low Risk
77.8,2,79.1,9,19.6,optimal,1,Low Risk
29.1,3,58.7,17,7.5,distracted,1,Low Risk
76.9,2,76.2,10,38.2,optimal,1,Low Risk
35.4,4,50.3,14,7.4,distracted,1,Low Risk
47.2,1,85.5,9,3.2,optimal,1,Low Risk
52.2,2,85.2,8,2.5,optimal,1,Low Risk
40.3,4,68.2,17,5.7,distracted,1,Low Risk
63.6,2,83.7,15,9.8,optimal,1,Low Risk
56.0,2,81.9,19,6.3,optimal,1,Low Risk
28.3,3,75.7,20,2.3,distracted,1,Low Risk
65.1,3,75.5,15,10.4,optimal,1,Low Risk
164.9,1,39.5,1,77.0,fatigued,0,High Risk
26.7,1,56.0,14,1.0,distracted,1,Low Risk
25.5,3,67.5,20,1.7,distracted,1,Low Risk
149.3,0,59.1,22,67.8,fatigued,2,Medium Risk
28.7,1,66.8,12,2.5,distracted,1,Low Risk
59.3,2,90.8,18,8.8,optimal,1,Low Risk
76.8,4,87.2,18,34.7,optimal,1,Low Risk
32.4,1,54.3,19,8.9,distracted,1,Low Risk
41.2,3,86.7,19,18.9,optimal,1,Low Risk
34.6,3,66.1,12,8.0,distracted,1,Low Risk
57.6,0,81.6,14,5.0,optimal,1,Low Risk
87.0,2,84.9,13,13.0,optimal,1,Low Risk
128.9,0,38.3,20,60.7,fatigued,2,Medium Risk
99.4,0,47.6,0,105.4,fatigued,0,High Risk
32.6,3,60.0,12,1.0,distracted,1,Low Risk
85.2,1,57.8,3,116.5,fatigued,0,High Risk
75.3,3,78.1,8,33.0,optimal,1,Low Risk
18.9,3,50.2,11,0.4,distracted,1,Low Risk
126.3,1,58.1,20,63.1,fatigued,2,Medium Risk
33.6,3,66.4,20,4.8,distracted,1,Low Risk
184.7,2,44.0,1,87.1,fatigued,0,High Risk
51.8,2,55.2,12,2.2,distracted,1,Low Risk
19.7,2,65.1,16,4.3,distracted,1,Low Risk
60.1,0,32.4,0,64.3,fatigued,0,High Risk
56.1,0,82.6,12,29.1,optimal,1,Low Risk
83.6,1,95.0,12,15.8,optimal,1,Low Risk
159.5,1,48.0,2,76.6,fatigued,0,High Risk
62.7,3,91.9,8,5.3,optimal,1,Low Risk
33.2,2,58.4,18,2.5,distracted,1,Low Risk
151.9,2,22.6,1,99.1,fatigued,0,High Risk
75.7,2,82.7,12,13.0,optimal,1,Low Risk
33.5,1,57.3,12,4.4,distracted,1,Low Risk
89.3,2,88.2,16,17.2,optimal,1,Low Risk
16.1,2,56.5,18,6.1,distracted,1,Low Risk
82.4,3,90.2,15,32.2,optimal,1,Low Risk
63.6,2,82.2,9,4.9,optimal,1,Low Risk
62.2,2,84.1,10,18.1,optimal,1,Low Risk
133.5,1,43.5,2,75.3,fatigued,0,High Risk
132.8,0,51.1,2,61.8,fatigued,0,High Risk
44.4,2,81.7,13,34.7,optimal,1,Low Risk
73.1,3,85.9,17,15.0,optimal,1,Low Risk
31.7,3,57.4,13,6.8,distracted,1,Low Risk
43.7,3,80.0,12,23.1,optimal,1,Low Risk
106.8,1,36.0,20,112.2,fatigued,2,Medium Risk
46.1,3,69.0,13,6.5,distracted,1,Low Risk
28.6,3,56.1,10,1.2,distracted,1,Low Risk
81.7,0,62.1,0,82.8,fatigued,0,High Risk
153.4,0,39.7,22,96.2,fatigued,2,Medium Risk
99.4,3,23.7,22,92.5,fatigued,2,Medium Risk
125.1,2,18.1,1,103.1,fatigued,0,High Risk
27.5,3,59.0,20,3.8,distracted,1,Low Risk
38.9,1,79.4,12,11.4,optimal,1,Low Risk
62.7,3,80.1,17,24.4,optimal,1,Low Risk
148.2,0,38.4,2,111.6,fatigued,0,High Risk
24.2,2,74.0,10,5.7,distracted,1,Low Risk
117.7,1,35.7,22,60.2,fatigued,2,Medium Risk
196.4,1,26.0,21,72.7,fatigued,2,Medium Risk
47.5,2,67.5,19,2.6,distracted,1,Low Risk
70.4,3,86.2,14,26.7,optimal,1,Low Risk
96.5,0,43.1,22,112.2,fatigued,2,Medium Risk
80.6,1,49.6,0,98.5,fatigued,0,High Risk
93.2,5,76.6,16,39.5,optimal,1,Low Risk
47.9,3,90.2,13,17.8,optimal,1,Low Risk
104.4,1,37.3,0,64.8,fatigued,0,High Risk
43.5,1,91.2,16,24.7,optimal,1,Low Risk
113.6,1,34.0,3,112.8,fatigued,0,High Risk
60.2,1,38.6,22,71.4,fatigued,2,Medium Risk
52.1,2,85.6,11,2.4,optimal,1,Low Risk
90.3,1,52.5,3,84.6,fatigued,0,High Risk
55.5,0,82.5,14,16.0,optimal,1,Low Risk
78.2,3,89.1,12,3.7,optimal,1,Low Risk
23.1,3,84.7,13,7.1,distracted,1,Low Risk
43.9,0,78.9,9,15.2,optimal,1,Low Risk
98.4,0,48.1,21,96.0,fatigued,2,Medium Risk
119.8,1,40.3,1,94.0,fatigued,0,High Risk
23.0,3,88.4,15,21.3,optimal,1,Low Risk
26.4,2,67.1,18,3.2,distracted,1,Low Risk
123.6,0,37.8,2,89.2,fatigued,0,High Risk
100.5,1,45.1,22,117.2,fatigued,2,Medium Risk
75.0,3,68.1,11,3.2,optimal,1,Low Risk
32.4,2,62.8,13,4.4,distracted,1,Low Risk
48.1,3,91.1,10,15.5,optimal,1,Low Risk
103.1,0,41.5,1,119.7,fatigued,0,High Risk
26.6,2,55.9,18,7.8,distracted,1,Low Risk
68.2,1,77.3,8,20.4,optimal,1,Low Risk
147.4,0,49.3,2,107.5,fatigued,0,High Risk
81.8,2,45.4,22,84.8,fatigued,2,Medium Risk
37.6,2,58.3,20,4.2,distracted,1,Low Risk
47.5,3,50.1,17,5.4,distracted,1,Low Risk
119.1,2,38.4,2,69.0,fatigued,0,High Risk
54.2,2,78.1,9,19.0,optimal,1,Low Risk
71.6,1,42.1,20,66.1,fatigued,2,Medium Risk
114.1,0,39.1,21,62.3,fatigued,2,Medium Risk
147.6,1,43.0,3,73.6,fatigued,0,High Risk
40.1,2,80.1,14,7.4,distracted,1,Low Risk
62.0,2,82.7,10,2.9,optimal,1,Low Risk
39.8,0,79.6,18,38.8,optimal,1,Low Risk
66.6,0,38.6,3,118.1,fatigued,0,High Risk
69.1,4,83.9,9,26.7,optimal,1,Low Risk
28.8,3,59.5,19,8.0,distracted,1,Low Risk
60.9,2,96.8,12,36.8,optimal,1,Low Risk
66.3,1,86.0,15,17.3,optimal,1,Low Risk
137.4,1,39.5,1,115.7,fatigued,0,High Risk
90.6,4,83.2,19,36.8,optimal,1,Low Risk
56.3,3,78.5,15,29.9,optimal,1,Low Risk
63.5,3,81.0,16,37.5,optimal,1,Low Risk
58.6,2,85.2,11,32.7,optimal,1,Low Risk
15.1,3,77.0,10,5.1,distracted,1,Low Risk
87.2,4,84.1,14,23.1,optimal,1,Low Risk
75.3,4,86.2,19,29.1,optimal,1,Low Risk
27.9,2,71.0,19,6.6,distracted,1,Low Risk
21.4,4,69.5,18,5.5,distracted,1,Low Risk
48.2,2,90.6,9,30.3,optimal,1,Low Risk
37.8,3,26.5,19,3.7,distracted,1,Low Risk
137.7,1,36.1,22,68.3,fatigued,2,Medium Risk
53.8,3,83.7,10,2.6,optimal,1,Low Risk
175.8,2,56.1,1,89.2,fatigued,0,High Risk
83.4,4,77.9,10,2.3,optimal,1,Low Risk
70.4,3,79.3,11,20.7,optimal,1,Low Risk
57.1,1,84.3,11,2.5,optimal,1,Low Risk
37.7,3,78.6,15,6.4,distracted,1,Low Risk
19.2,2,50.4,21,3.8,distracted,1,Low Risk
82.4,1,45.1,0,118.8,fatigued,0,High Risk
94.3,2,47.3,22,77.9,fatigued,2,Medium Risk
25.3,1,46.0,12,3.8,distracted,1,Low Risk
35.8,1,43.3,21,64.8,fatigued,2,Medium Risk
10.0,2,57.3,18,0.1,distracted,1,Low Risk
20.0,2,59.8,17,0.6,distracted,1,Low Risk
46.8,1,84.7,19,31.5,optimal,1,Low Risk
127.4,0,47.1,20,89.3,fatigued,2,Medium Risk
61.5,1,84.2,8,30.9,optimal,1,Low Risk
27.6,1,61.4,16,3.9,distracted,1,Low Risk
35.4,4,67.9,14,9.8,distracted,1,Low Risk
41.2,0,97.1,16,37.9,optimal,1,Low Risk
23.9,4,70.2,18,8.5,distracted,1,Low Risk
99.9,4,88.5,16,31.7,optimal,1,Low Risk
79.9,1,44.4,21,89.1,fatigued,2,Medium Risk
147.1,2,29.7,1,77.4,fatigued,0,High Risk
27.0,2,53.7,12,0.5,distracted,1,Low Risk
69.0,2,80.2,11,20.8,optimal,1,Low Risk
54.6,2,86.8,16,22.4,optimal,1,Low Risk
167.6,0,33.0,23,92.3,fatigued,2,Medium Risk
129.0,0,38.7,20,83.8,fatigued,2,Medium Risk
46.8,3,81.5,12,25.4,optimal,1,Low Risk
37.7,2,80.2,17,5.2,distracted,1,Low Risk
32.5,0,91.5,18,11.1,optimal,1,Low Risk
26.7,2,50.4,17,8.9,distracted,1,Low Risk
132.7,0,42.0,3,67.1,fatigued,0,High Risk
19.4,2,58.1,11,1.7,distracted,1,Low Risk
74.8,3,83.7,8,1.2,optimal,1,Low Risk
24.8,1,62.7,12,1.9,distracted,1,Low Risk
129.1,0,51.4,22,114.1,fatigued,2,Medium Risk
86.7,0,30.0,1,109.7,fatigued,0,High Risk
25.0,2,55.9,18,7.4,distracted,1,Low Risk
42.9,3,87.1,13,29.5,optimal,1,Low Risk
65.7,2,81.6,15,2.8,optimal,1,Low Risk
54.0,2,83.9,15,2.9,optimal,1,Low Risk
24.1,2,47.9,14,0.3,distracted,1,Low Risk
67.7,2,86.4,19,9.3,optimal,1,Low Risk
37.5,1,45.7,13,3.8,distracted,1,Low Risk
79.6,2,83.9,18,16.9,optimal,1,Low Risk
34.2,3,57.4,19,7.0,distracted,1,Low Risk
30.4,3,54.6,18,3.0,distracted,1,Low Risk
38.1,3,53.5,13,1.0,distracted,1,Low Risk
59.7,2,88.3,16,33.0,optimal,1,Low Risk
82.9,2,78.6,15,7.4,optimal,1,Low Risk
71.0,2,81.3,19,23.3,optimal,1,Low Risk
30.4,2,62.4,18,9.1,distracted,1,Low Risk
139.6,3,39.2,2,64.9,fatigued,0,High Risk
73.1,1,82.7,13,24.3,optimal,1,Low Risk
169.2,1,36.4,23,100.6,fatigued,2,Medium Risk
25.0,2,42.5,18,5.1,distracted,1,Low Risk
116.8,0,48.1,20,62.4,fatigued,2,Medium Risk
63.1,0,77.3,8,24.9,optimal,1,Low Risk
81.4,0,36.9,20,91.0,fatigued,2,Medium Risk
22.5,3,87.3,20,0.4,distracted,1,Low Risk
51.3,2,85.5,8,4.6,optimal,1,Low Risk
10.0,4,59.4,12,4.5,distracted,1,Low Risk
26.3,1,62.7,12,4.1,distracted,1,Low Risk
135.3,1,34.6,2,117.2,fatigued,0,High Risk
38.1,3,52.9,10,6.0,distracted,1,Low Risk
65.1,0,81.4,10,23.9,optimal,1,Low Risk
113.8,1,41.7,22,81.3,fatigued,2,Medium Risk
133.3,2,22.7,21,90.1,fatigued,2,Medium Risk
66.8,1,85.3,12,36.1,optimal,1,Low Risk
48.8,1,84.0,10,18.0,optimal,1,Low Risk
72.0,2,91.7,8,8.6,optimal,1,Low Risk
57.9,3,83.3,11,26.9,optimal,1,Low Risk
75.0,2,80.4,19,9.1,optimal,1,Low Risk
55.3,0,42.3,22,94.9,fatigued,2,Medium Risk
83.8,4,78.7,8,21.0,optimal,1,Low Risk
121.3,0,44.3,21,98.7,fatigued,2,Medium Risk
103.1,0,52.2,1,95.8,fatigued,0,High Risk
123.3,0,41.4,20,68.4,fatigued,2,Medium Risk
120.2,0,38.9,22,68.1,fatigued,2,Medium Risk
28.4,1,45.5,15,7.6,distracted,1,Low Risk
136.8,0,35.3,0,82.2,fatigued,0,High Risk
51.4,1,41.6,0,77.3,fatigued,0,High Risk
14.6,1,61.8,15,5.4,distracted,1,Low Risk
84.6,1,45.0,22,81.4,fatigued,2,Medium Risk
21.4,3,40.2,14,3.4,distracted,1,Low Risk
142.4,0,28.9,2,109.0,fatigued,0,High Risk
70.7,3,94.8,9,24.9,optimal,1,Low Risk
76.9,2,84.5,8,28.4,optimal,1,Low Risk
32.6,1,70.9,11,7.2,distracted,1,Low Risk
61.5,2,86.4,8,27.2,optimal,1,Low Risk
120.6,1,42.6,23,89.0,fatigued,2,Medium Risk
75.7,2,81.7,15,17.6,optimal,1,Low Risk
113.3,1,39.5,20,111.9,fatigued,2,Medium Risk
32.9,3,74.9,12,2.0,distracted,1,Low Risk
57.1,3,81.1,8,11.9,optimal,1,Low Risk
43.8,2,80.7,9,19.1,optimal,1,Low Risk
148.6,2,50.8,21,98.0,fatigued,2,Medium Risk
67.3,2,93.6,10,39.9,optimal,1,Low Risk
103.9,1,52.1,2,62.6,fatigued,0,High Risk
38.4,2,87.4,8,33.8,optimal,1,Low Risk
119.2,0,44.7,1,76.8,fatigued,0,High Risk
64.3,2,46.7,0,117.3,fatigued,0,High Risk
106.1,0,38.6,2,110.5,fatigued,0,High Risk
35.7,2,91.2,19,34.5,optimal,1,Low Risk
96.3,0,37.4,2,114.4,fatigued,0,High Risk
29.9,1,85.1,12,8.6,optimal,1,Low Risk
98.9,1,61.9,2,90.2,fatigued,0,High Risk
81.3,1,35.1,1,87.8,fatigued,0,High Risk
43.7,0,81.3,11,5.7,optimal,1,Low Risk
146.7,0,35.9,21,103.3,fatigued,2,Medium Risk
46.9,1,83.4,8,20.4,optimal,1,Low Risk
31.6,2,71.3,20,8.3,distracted,1,Low Risk
76.0,3,84.2,11,31.6,optimal,1,Low Risk
39.4,3,59.0,14,1.2,distracted,1,Low Risk
71.1,2,89.8,16,28.2,optimal,1,Low Risk
42.4,1,70.6,14,4.8,distracted,1,Low Risk
47.2,0,25.6,3,86.0,fatigued,0,High Risk
56.9,1,84.3,16,7.4,optimal,1,Low Risk
168.6,0,50.4,20,99.4,fatigued,2,Medium Risk
58.9,3,93.0,9,15.8,optimal,1,Low Risk
33.7,2,75.5,15,6.4,distracted,1,Low Risk
48.6,1,88.0,10,26.7,optimal,1,Low Risk
32.3,4,62.9,14,6.9,distracted,1,Low Risk
28.2,3,60.8,12,4.9,distracted,1,Low Risk
192.4,1,54.1,3,103.5,fatigued,0,High Risk
103.5,0,32.8,23,118.6,fatigued,2,Medium Risk
56.4,2,79.0,13,17.4,optimal,1,Low Risk
17.2,3,47.7,21,0.0,distracted,1,Low Risk
62.5,2,85.9,10,0.9,optimal,1,Low Risk
32.4,1,50.6,13,9.0,distracted,1,Low Risk
31.5,3,60.2,21,4.7,distracted,1,Low Risk
32.3,2,53.5,20,7.3,distracted,1,Low Risk
85.9,0,27.0,0,108.7,fatigued,0,High Risk
167.3,0,27.4,23,80.2,fatigued,2,Medium Risk
22.9,3,60.0,11,6.9,distracted,1,Low Risk
71.6,2,82.3,13,21.2,optimal,1,Low Risk
90.4,3,78.5,12,24.8,optimal,1,Low Risk
125.7,2,41.8,3,72.6,fatigued,0,High Risk
66.7,3,86.4,19,26.4,optimal,1,Low Risk
95.4,1,38.9,1,94.2,fatigued,0,High Risk
90.4,2,87.7,14,8.6,optimal,1,Low Risk
71.4,2,92.9,9,38.7,optimal,1,Low Risk
66.1,3,92.0,11,9.9,optimal,1,Low Risk
77.6,4,86.8,13,24.1,optimal,1,Low Risk
24.5,4,47.5,21,2.3,distracted,1,Low Risk
69.1,3,88.6,18,10.2,optimal,1,Low Risk
73.3,2,85.0,17,36.1,optimal,1,Low Risk
138.5,3,36.9,23,105.3,fatigued,2,Medium Risk
31.0,3,64.1,10,7.9,distracted,1,Low Risk
36.3,0,88.7,17,35.1,optimal,1,Low Risk
22.0,3,55.9,10,1.8,distracted,1,Low Risk
36.9,1,79.8,12,4.3,distracted,1,Low Risk
57.3,2,92.1,14,35.8,optimal,1,Low Risk
107.8,0,39.9,0,75.3,fatigued,0,High Risk
53.5,2,88.4,16,14.6,optimal,1,Low Risk
109.0,0,52.1,23,69.1,fatigued,2,Medium Risk
12.2,3,69.5,16,9.3,distracted,1,Low Risk
53.8,0,41.3,1,63.3,fatigued,0,High Risk
22.7,1,72.2,13,2.3,distracted,1,Low Risk
38.2,1,53.2,14,7.1,distracted,1,Low Risk
25.4,1,46.2,20,10.0,distracted,1,Low Risk
25.4,1,61.4,20,4.1,distracted,1,Low Risk
12.5,3,64.8,19,4.8,distracted,1,Low Risk
115.6,1,29.4,20,90.8,fatigued,2,Medium Risk
138.2,0,37.3,3,69.5,fatigued,0,High Risk
63.3,2,89.7,9,32.3,optimal,1,Low Risk
40.5,0,86.6,11,6.3,optimal,1,Low Risk
106.5,2,18.6,20,82.8,fatigued,2,Medium Risk
70.4,3,83.0,9,0.6,optimal,1,Low Risk
33.0,4,63.6,16,2.3,distracted,1,Low Risk
31.9,4,42.2,10,5.4,distracted,1,Low Risk
100.4,1,37.0,20,69.4,fatigued,2,Medium Risk
70.4,2,84.0,10,20.1,optimal,1,Low Risk
25.3,1,66.8,17,0.5,distracted,1,Low Risk
89.9,0,38.9,22,84.7,fatigued,2,Medium Risk
37.0,1,66.0,10,2.9,distracted,1,Low Risk
86.5,2,41.6,21,72.3,fatigued,2,Medium Risk
29.6,2,63.4,16,4.2,distracted,1,Low Risk
27.1,2,64.0,11,9.4,distracted,1,Low Risk
59.4,2,85.2,16,29.5,optimal,1,Low Risk
11.5,2,63.9,21,0.7,distracted,1,Low Risk
54.5,3,81.1,15,9.7,distracted,1,Low Risk
117.5,1,31.1,1,101.7,fatigued,0,High Risk
117.3,2,49.6,1,75.1,fatigued,0,High Risk
144.6,2,61.6,20,91.5,fatigued,2,Medium Risk
45.3,2,91.5,16,2.0,optimal,1,Low Risk
138.6,0,38.9,20,87.0,fatigued,2,Medium Risk
35.0,3,49.8,15,1.0,distracted,1,Low Risk
47.0,1,86.8,18,3.4,optimal,1,Low Risk
33.0,1,65.8,12,5.9,distracted,1,Low Risk
81.2,1,50.6,23,72.2,fatigued,2,Medium Risk
67.7,1,75.6,17,23.9,optimal,1,Low Risk
75.7,0,26.0,21,108.3,fatigued,2,Medium Risk
126.2,1,48.9,1,77.5,fatigued,0,High Risk
16.2,2,52.1,20,5.4,distracted,1,Low Risk
16.2,4,66.4,14,4.1,distracted,1,Low Risk
40.5,3,65.4,17,4.4,distracted,1,Low Risk
62.8,1,89.3,18,24.0,optimal,1,Low Risk
35.0,3,82.5,18,19.6,optimal,1,Low Risk
163.3,0,35.1,3,91.0,fatigued,0,High Risk
38.1,3,49.9,12,1.1,distracted,1,Low Risk
43.2,4,91.2,12,29.7,optimal,1,Low Risk
61.7,2,79.3,14,38.1,optimal,1,Low Risk
79.1,0,31.5,22,109.7,fatigued,2,Medium Risk
81.7,3,87.1,14,33.5,optimal,1,Low Risk
138.2,0,43.6,0,84.7,fatigued,0,High Risk
27.8,1,61.0,10,7.4,distracted,1,Low Risk
41.2,3,41.6,10,4.1,distracted,1,Low Risk
41.2,4,45.8,11,5.2,distracted,1,Low Risk
69.0,1,82.2,19,22.9,optimal,1,Low Risk
45.0,2,70.9,10,5.4,distracted,1,Low Risk
75.8,0,85.0,13,23.0,optimal,1,Low Risk
62.0,2,80.5,12,4.7,optimal,1,Low Risk
107.8,0,27.2,20,100.7,fatigued,2,Medium Risk
40.3,3,80.3,20,4.7,distracted,1,Low Risk
148.8,1,57.6,20,87.9,fatigued,2,Medium Risk
26.5,2,46.8,15,7.9,distracted,1,Low Risk
28.0,2,70.2,14,4.1,distracted,1,Low Risk
79.9,0,41.9,3,118.1,fatigued,0,High Risk
51.6,3,82.5,11,39.9,optimal,1,Low Risk
87.7,0,55.5,1,103.8,fatigued,0,High Risk
72.2,2,84.4,18,37.2,optimal,1,Low Risk
64.7,2,88.0,16,0.2,optimal,1,Low Risk
140.1,2,44.1,0,81.0,fatigued,0,High Risk
140.1,0,41.5,22,70.2,fatigued,2,Medium Risk
28.8,3,63.1,12,4.3,distracted,1,Low Risk
31.4,4,76.4,19,3.1,distracted,1,Low Risk
50.2,0,86.8,18,34.5,optimal,1,Low Risk
39.4,3,58.3,10,5.8,distracted,1,Low Risk
87.5,0,45.4,1,101.5,fatigued,0,High Risk
62.6,3,84.3,8,21.1,optimal,1,Low Risk
79.4,4,87.5,17,26.5,optimal,1,Low Risk
37.1,3,67.4,15,7.9,distracted,1,Low Risk
72.2,2,77.6,13,1.3,optimal,1,Low Risk
33.5,1,56.4,17,8.6,distracted,1,Low Risk
81.3,4,85.5,14,39.8,optimal,1,Low Risk
25.3,3,66.0,15,7.1,distracted,1,Low Risk
75.6,5,79.1,8,38.4,optimal,1,Low Risk
27.0,4,66.2,21,6.5,distracted,1,Low Risk
43.3,4,80.2,14,8.6,distracted,1,Low Risk
124.3,1,31.6,2,104.0,fatigued,0,High Risk
132.3,2,42.0,22,115.7,fatigued,2,Medium Risk
37.9,1,90.7,10,17.7,optimal,1,Low Risk
119.4,1,47.2,3,87.3,fatigued,0,High Risk
88.2,2,34.8,2,115.5,fatigued,0,High Risk
124.6,2,43.5,2,96.0,fatigued,0,High Risk
54.0,3,87.6,8,33.5,optimal,1,Low Risk
159.9,1,44.6,1,114.6,fatigued,0,High Risk
155.5,1,57.6,21,115.3,fatigued,2,Medium Risk
83.6,2,84.3,11,35.2,optimal,1,Low Risk
18.7,3,66.3,20,8.9,distracted,1,Low Risk
47.9,2,85.4,15,37.6,optimal,1,Low Risk
26.5,2,63.4,14,9.8,distracted,1,Low Risk
33.1,2,52.5,11,4.2,distracted,1,Low Risk
49.8,1,83.7,15,4.0,optimal,1,Low Risk
27.6,1,55.4,17,2.1,distracted,1,Low Risk
106.5,2,36.2,23,100.4,fatigued,2,Medium Risk
65.0,2,80.8,14,28.3,optimal,1,Low Risk
117.7,0,43.5,21,90.3,fatigued,2,Medium Risk
44.9,0,84.9,14,39.4,optimal,1,Low Risk
45.1,2,87.7,9,18.3,optimal,1,Low Risk
169.2,1,43.7,2,62.7,fatigued,0,High Risk
82.8,3,84.8,15,14.9,optimal,1,Low Risk
15.9,1,45.3,12,6.6,distracted,1,Low Risk
55.4,2,82.5,14,18.2,optimal,1,Low Risk
65.2,4,93.1,17,34.8,optimal,1,Low Risk
93.7,1,34.1,2,94.3,fatigued,0,High Risk
47.4,2,82.8,13,24.2,optimal,1,Low Risk
58.7,1,34.7,1,82.5,fatigued,0,High Risk
77.9,4,86.0,12,7.0,optimal,1,Low Risk
99.5,0,54.9,21,91.3,fatigued,2,Medium Risk
135.8,0,41.3,23,105.0,fatigued,2,Medium Risk
28.7,0,85.7,8,11.8,optimal,1,Low Risk
35.7,3,73.7,14,4.7,distracted,1,Low Risk
29.6,1,63.6,11,5.1,distracted,1,Low Risk
62.5,2,94.3,18,1.2,optimal,1,Low Risk
62.1,0,92.7,11,26.8,optimal,1,Low Risk
57.3,0,89.1,16,17.5,optimal,1,Low Risk
14.5,2,62.5,21,7.2,distracted,1,Low Risk
46.6,1,79.3,15,8.0,optimal,1,Low Risk
88.7,4,88.4,8,9.5,optimal,1,Low Risk
48.5,2,58.3,14,7.5,distracted,1,Low Risk
112.6,0,45.1,22,80.7,fatigued,2,Medium Risk
62.9,4,89.9,13,11.8,optimal,1,Low Risk
124.8,3,48.8,1,76.6,fatigued,0,High Risk
44.7,1,47.2,17,3.1,distracted,1,Low Risk
33.3,3,49.0,17,3.7,distracted,1,Low Risk
33.0,3,30.1,19,0.1,distracted,1,Low Risk
64.0,3,80.3,15,23.1,optimal,1,Low Risk
172.4,0,45.9,2,66.4,fatigued,0,High Risk
124.4,1,42.3,0,85.8,fatigued,0,High Risk
85.7,1,84.7,11,29.4,optimal,1,Low Risk
65.8,2,52.6,1,114.1,fatigued,0,High Risk
94.6,2,48.1,22,84.7,fatigued,2,Medium Risk
144.4,0,29.7,21,94.6,fatigued,2,Medium Risk
29.0,4,66.0,21,6.2,distracted,1,Low Risk
34.3,2,44.3,20,7.5,distracted,1,Low Risk
131.4,0,47.6,21,63.0,fatigued,2,Medium Risk
53.8,4,79.6,15,39.6,optimal,1,Low Risk
126.6,1,44.4,1,88.6,fatigued,0,High Risk
77.3,2,86.4,8,22.3,optimal,1,Low Risk
55.6,2,89.2,15,32.3,optimal,1,Low Risk
22.1,1,58.6,14,2.0,distracted,1,Low Risk
97.2,0,44.1,1,69.7,fatigued,0,High Risk
121.8,1,32.8,1,110.7,fatigued,0,High Risk
97.1,2,53.5,23,93.0,fatigued,2,Medium Risk
132.1,1,56.0,0,86.3,fatigued,0,High Risk
109.3,0,43.0,2,83.7,fatigued,0,High Risk
64.8,2,77.4,11,16.8,optimal,1,Low Risk
129.6,1,37.4,3,87.9,fatigued,0,High Risk
42.8,0,79.2,17,12.6,optimal,1,Low Risk
10.0,3,56.3,15,2.5,distracted,1,Low Risk
53.5,1,63.4,14,9.0,distracted,1,Low Risk
112.5,1,48.3,3,117.9,fatigued,0,High Risk
47.0,3,79.6,13,32.8,optimal,1,Low Risk
57.4,1,95.9,17,1.0,optimal,1,Low Risk
158.5,2,38.0,20,78.3,fatigued,2,Medium Risk
148.5,1,29.4,2,105.4,fatigued,0,High Risk
28.1,2,54.2,16,8.0,distracted,1,Low Risk
56.6,1,80.5,9,37.1,optimal,1,Low Risk
62.7,2,29.0,0,103.9,fatigued,0,High Risk
95.6,1,20.3,1,92.7,fatigued,0,High Risk
44.7,2,78.0,14,5.3,optimal,1,Low Risk
60.9,1,83.5,8,9.0,optimal,1,Low Risk
10.1,2,50.7,21,2.9,distracted,1,Low Risk
83.3,1,45.2,0,80.1,fatigued,0,High Risk
41.4,1,87.6,17,8.3,optimal,1,Low Risk
112.2,0,52.7,21,84.5,fatigued,2,Medium Risk
167.0,0,27.4,0,74.8,fatigued,0,High Risk
43.6,2,81.0,11,26.9,optimal,1,Low Risk
39.8,3,64.7,11,0.5,distracted,1,Low Risk
91.2,3,82.7,14,4.7,optimal,1,Low Risk
78.6,2,83.6,12,34.6,optimal,1,Low Risk
65.2,0,21.2,23,99.9,fatigued,2,Medium Risk
116.4,1,42.2,2,101.3,fatigued,0,High Risk
42.8,3,52.8,11,6.0,distracted,1,Low Risk
115.9,0,35.5,21,100.4,fatigued,2,Medium Risk
146.8,2,55.2,3,60.3,fatigued,0,High Risk
44.9,1,88.1,17,27.7,optimal,1,Low Risk
16.8,3,50.1,13,7.0,distracted,1,Low Risk
36.1,3,79.6,16,18.6,optimal,1,Low Risk
177.3,0,31.3,2,108.3,fatigued,0,High Risk
65.8,3,81.1,11,22.6,optimal,1,Low Risk
60.0,0,90.3,17,16.3,optimal,1,Low Risk
45.0,2,89.4,11,24.2,optimal,1,Low Risk
105.1,0,45.1,0,76.3,fatigued,0,High Risk
77.8,4,80.5,14,0.6,optimal,1,Low Risk
155.2,0,47.1,3,108.8,fatigued,0,High Risk
29.2,1,75.4,14,1.0,distracted,1,Low Risk
23.4,2,73.6,12,1.5,distracted,1,Low Risk
80.0,3,82.8,13,26.7,optimal,1,Low Risk
23.9,0,86.6,13,34.9,optimal,1,Low Risk
42.8,3,58.8,19,4.8,distracted,1,Low Risk
10.0,4,67.9,10,6.3,distracted,1,Low Risk
86.0,4,85.0,11,30.1,optimal,1,Low Risk
40.8,1,64.5,21,7.7,distracted,1,Low Risk
81.7,3,84.7,18,7.8,optimal,1,Low Risk
90.5,0,40.9,22,109.9,fatigued,2,Medium Risk
22.5,2,79.7,20,6.4,distracted,1,Low Risk
59.7,3,77.3,8,39.1,optimal,1,Low Risk
99.0,2,29.7,22,114.7,fatigued,2,Medium Risk
156.9,2,34.2,1,78.4,fatigued,0,High Risk
81.5,3,84.6,9,23.4,optimal,1,Low Risk
65.1,2,74.4,10,26.3,optimal,1,Low Risk
10.0,2,51.9,17,9.9,distracted,1,Low Risk
93.3,1,79.0,14,26.0,optimal,1,Low Risk
29.2,1,51.6,16,5.3,distracted,1,Low Risk
104.9,1,35.8,1,63.5,fatigued,0,High Risk
149.9,1,31.4,22,67.0,fatigued,2,Medium Risk
89.2,1,56.9,20,83.8,fatigued,2,Medium Risk
58.9,2,87.4,18,14.9,optimal,1,Low Risk
95.4,4,68.3,13,19.1,optimal,1,Low Risk
134.7,1,28.3,0,71.7,fatigued,0,High Risk
41.8,2,43.8,21,0.4,distracted,1,Low Risk
199.0,1,45.3,0,60.6,fatigued,0,High Risk
79.2,3,77.6,12,17.6,optimal,1,Low Risk
103.5,0,56.2,22,71.4,fatigued,2,Medium Risk
27.4,2,64.7,20,8.3,distracted,1,Low Risk
154.2,0,39.4,1,73.1,fatigued,0,High Risk
142.0,0,41.2,3,73.2,fatigued,0,High Risk
81.4,1,33.1,3,109.5,fatigued,0,High Risk
39.2,1,67.4,16,4.4,distracted,1,Low Risk
52.2,1,86.4,10,2.0,optimal,1,Low Risk
45.0,2,36.2,23,88.5,fatigued,2,Medium Risk
60.7,1,87.7,10,35.1,optimal,1,Low Risk
61.0,2,78.3,12,18.0,optimal,1,Low Risk
42.7,3,84.5,8,3.1,optimal,1,Low Risk
58.8,0,85.6,16,2.4,optimal,1,Low Risk
149.1,0,28.9,2,100.2,fatigued,0,High Risk
173.1,0,39.4,20,61.3,fatigued,2,Medium Risk
35.3,3,56.7,16,3.9,distracted,1,Low Risk
56.8,2,90.2,14,4.5,optimal,1,Low Risk
55.1,3,82.7,16,25.9,optimal,1,Low Risk
147.2,3,38.2,22,118.7,fatigued,2,Medium Risk
51.0,3,81.1,14,10.9,optimal,1,Low Risk
161.9,0,60.8,1,84.2,fatigued,0,High Risk
91.0,2,45.1,1,60.7,fatigued,0,High Risk
168.9,0,30.0,1,81.3,fatigued,0,High Risk
41.2,0,27.5,1,116.3,fatigued,0,High Risk
98.1,0,30.0,23,72.6,fatigued,2,Medium Risk
29.5,2,49.6,11,0.4,distracted,1,Low Risk
42.3,1,56.3,17,6.1,distracted,1,Low Risk
108.1,0,30.7,0,63.7,fatigued,0,High Risk
68.5,3,84.1,13,3.7,optimal,1,Low Risk
49.9,2,74.1,10,25.0,optimal,1,Low Risk
155.8,0,40.5,0,89.7,fatigued,0,High Risk
34.4,2,77.3,10,32.3,optimal,1,Low Risk
72.6,1,82.6,19,31.6,optimal,1,Low Risk
90.2,2,81.4,12,17.1,optimal,1,Low Risk
63.0,2,78.5,11,23.2,optimal,1,Low Risk
78.5,1,90.3,11,26.0,optimal,1,Low Risk
36.0,2,70.0,13,8.1,distracted,1,Low Risk
21.7,3,57.2,18,8.8,distracted,1,Low Risk
66.8,4,85.0,17,36.5,optimal,1,Low Risk
90.2,3,85.2,19,8.4,optimal,1,Low Risk
31.1,4,53.0,16,1.5,distracted,1,Low Risk
54.0,2,94.6,9,38.6,optimal,1,Low Risk
19.5,2,56.3,20,6.5,distracted,1,Low Risk
25.0,1,64.8,12,5.2,distracted,1,Low Risk
68.0,2,87.0,10,38.3,optimal,1,Low Risk
52.5,1,80.9,13,4.4,optimal,1,Low Risk
18.9,2,67.2,16,8.6,distracted,1,Low Risk
34.4,2,56.1,16,8.5,distracted,1,Low Risk
115.4,0,32.1,1,78.7,fatigued,0,High Risk
28.7,3,69.5,17,2.4,distracted,1,Low Risk
23.0,3,61.7,17,6.8,distracted,1,Low Risk
59.0,2,87.7,15,34.4,optimal,1,Low Risk
149.4,2,21.6,22,96.3,fatigued,2,Medium Risk
131.4,1,32.3,23,116.0,fatigued,2,Medium Risk
10.0,2,55.8,11,4.1,distracted,1,Low Risk
40.7,4,69.6,17,7.0,distracted,1,Low Risk
65.1,2,86.7,11,21.8,optimal,1,Low Risk
15.6,1,58.6,18,1.7,distracted,1,Low Risk
41.1,1,80.1,15,15.9,optimal,1,Low Risk
152.3,0,54.0,1,84.9,fatigued,0,High Risk
54.3,2,90.3,8,5.5,optimal,1,Low Risk
78.3,3,89.0,8,39.8,optimal,1,Low Risk
58.2,0,83.0,16,22.2,optimal,1,Low Risk
144.8,0,41.5,0,67.2,fatigued,0,High Risk
27.1,2,58.2,13,2.4,distracted,1,Low Risk
73.0,3,91.3,17,4.4,optimal,1,Low Risk
53.3,4,82.0,17,35.1,optimal,1,Low Risk
29.1,3,59.9,11,4.6,distracted,1,Low Risk
33.0,2,68.2,10,8.9,distracted,1,Low Risk
53.8,2,88.3,17,13.8,optimal,1,Low Risk
51.7,1,81.1,15,21.5,optimal,1,Low Risk
49.8,1,89.6,19,16.7,optimal,1,Low Risk
27.0,1,59.1,11,8.4,distracted,1,Low Risk
76.9,1,80.5,15,4.9,optimal,1,Low Risk
64.8,2,91.5,12,6.9,optimal,1,Low Risk
100.9,1,40.1,22,111.2,fatigued,2,Medium Risk
26.7,2,51.1,11,3.8,distracted,1,Low Risk
41.7,1,83.8,10,28.0,optimal,1,Low Risk
16.4,1,77.6,10,1.6,distracted,1,Low Risk
113.4,0,49.0,0,71.2,fatigued,0,High Risk
40.6,3,53.5,11,7.6,distracted,1,Low Risk
59.3,2,92.2,17,30.7,optimal,1,Low Risk
161.5,2,42.1,21,97.5,fatigued,2,Medium Risk
28.0,2,50.3,13,6.4,distracted,1,Low Risk
108.1,0,51.8,20,85.6,fatigued,2,Medium Risk
37.8,4,50.1,21,6.0,distracted,1,Low Risk
44.0,2,45.7,11,4.7,distracted,1,Low Risk
21.3,1,83.2,16,27.4,optimal,1,Low Risk
115.5,0,26.2,0,92.7,fatigued,0,High Risk
36.9,1,79.7,16,0.2,optimal,1,Low Risk
59.3,2,93.3,14,11.3,optimal,1,Low Risk
65.5,3,79.5,11,36.7,optimal,1,Low Risk
15.2,3,58.6,13,5.8,distracted,1,Low Risk
115.7,0,47.4,22,87.9,fatigued,2,Medium Risk
21.7,1,51.1,21,6.2,distracted,1,Low Risk
11.9,3,52.0,21,8.1,distracted,1,Low Risk
10.9,4,54.4,14,6.0,distracted,1,Low Risk
51.5,2,84.4,13,15.8,optimal,1,Low Risk
102.9,2,36.8,23,97.2,fatigued,2,Medium Risk
85.8,1,50.1,21,72.2,fatigued,2,Medium Risk
94.7,0,14.1,23,117.7,fatigued,2,Medium Risk
166.0,2,47.5,23,67.4,fatigued,2,Medium Risk
18.1,1,61.7,20,9.4,distracted,1,Low Risk
143.5,1,52.5,1,94.4,fatigued,0,High Risk
40.0,2,82.3,12,15.7,optimal,1,Low Risk
107.6,1,37.7,22,111.1,fatigued,2,Medium Risk
99.7,1,34.6,0,102.4,fatigued,0,High Risk
85.0,1,46.8,20,91.1,fatigued,2,Medium Risk
35.0,3,62.4,16,9.5,distracted,1,Low Risk
30.5,3,53.9,11,0.5,distracted,1,Low Risk
65.4,5,91.3,11,7.0,optimal,1,Low Risk
35.7,3,60.8,11,7.3,distracted,1,Low Risk
123.7,1,29.5,2,61.5,fatigued,0,High Risk
36.2,0,87.8,19,20.8,optimal,1,Low Risk
51.8,1,80.9,13,30.0,optimal,1,Low Risk
27.5,3,39.2,18,3.3,distracted,1,Low Risk
26.8,3,57.3,11,0.6,distracted,1,Low Risk
42.2,2,84.5,13,24.6,optimal,1,Low Risk
72.1,0,46.3,22,75.3,fatigued,2,Medium Risk
31.6,2,59.2,18,1.2,distracted,1,Low Risk
24.2,2,44.2,11,6.2,distracted,1,Low Risk
42.9,1,57.1,17,6.2,distracted,1,Low Risk
132.4,1,67.5,0,102.1,fatigued,0,High Risk
49.1,4,81.3,10,8.1,optimal,1,Low Risk
52.0,1,84.0,9,36.5,optimal,1,Low Risk
71.5,1,30.5,0,73.2,fatigued,0,High Risk
30.4,3,64.0,11,3.8,distracted,1,Low Risk
127.1,0,37.3,21,111.1,fatigued,2,Medium Risk
29.1,2,64.1,14,1.9,distracted,1,Low Risk
20.8,1,50.3,19,4.8,distracted,1,Low Risk
85.2,2,86.9,13,19.0,optimal,1,Low Risk
53.3,2,83.1,12,18.7,optimal,1,Low Risk
55.4,1,92.4,12,12.7,optimal,1,Low Risk
37.3,0,89.3,8,3.5,optimal,1,Low Risk
61.2,2,85.8,9,30.1,optimal,1,Low Risk
19.0,4,47.5,19,4.3,distracted,1,Low Risk
136.9,0,23.8,1,77.0,fatigued,0,High Risk
78.2,2,87.3,10,25.6,optimal,1,Low Risk
139.9,0,48.7,1,83.6,fatigued,0,High Risk
168.9,0,32.4,21,115.5,fatigued,2,Medium Risk
45.4,1,86.7,18,2.3,optimal,1,Low Risk
170.5,2,46.4,1,64.6,fatigued,0,High Risk
35.6,1,92.2,15,12.4,optimal,1,Low Risk
116.8,2,43.8,21,94.9,fatigued,2,Medium Risk
129.3,0,34.9,23,105.4,fatigued,2,Medium Risk
91.5,0,37.5,0,85.0,fatigued,0,High Risk
33.2,2,60.8,21,3.1,distracted,1,Low Risk
157.3,1,37.0,22,78.3,fatigued,2,Medium Risk
56.3,2,92.5,14,0.4,optimal,1,Low Risk
77.1,2,78.4,14,39.5,optimal,1,Low Risk
29.4,4,56.6,21,7.1,distracted,1,Low Risk
158.4,1,35.2,20,61.3,fatigued,2,Medium Risk
130.8,0,59.3,2,77.4,fatigued,0,High Risk
127.6,0,22.9,1,86.0,fatigued,0,High Risk
99.6,5,77.2,15,37.2,optimal,1,Low Risk
74.6,3,76.8,12,5.7,optimal,1,Low Risk
69.1,2,81.9,16,17.9,optimal,1,Low Risk
24.4,2,57.4,13,3.2,distracted,1,Low Risk
24.6,2,64.3,10,9.1,distracted,1,Low Risk
60.7,2,94.6,8,1.0,optimal,1,Low Risk
33.5,3,56.7,15,5.4,distracted,1,Low Risk
84.7,0,39.2,1,67.8,fatigued,0,High Risk
57.8,1,83.7,10,24.5,optimal,1,Low Risk
50.8,2,84.7,8,35.8,optimal,1,Low Risk
114.7,0,51.0,23,74.3,fatigued,2,Medium Risk
34.2,1,85.3,18,7.4,optimal,1,Low Risk
16.6,3,55.4,20,1.4,distracted,1,Low Risk
127.0,2,30.2,1,99.6,fatigued,0,High Risk
55.6,3,88.1,15,38.7,optimal,1,Low Risk
22.5,1,67.2,13,8.4,distracted,1,Low Risk
55.1,1,81.2,11,9.2,optimal,1,Low Risk
55.9,2,74.9,14,12.6,optimal,1,Low Risk
58.5,1,74.4,19,39.3,optimal,1,Low Risk
77.4,4,83.8,19,15.2,optimal,1,Low Risk
119.9,2,31.0,1,110.6,fatigued,0,High Risk
106.7,0,39.7,21,67.1,fatigued,2,Medium Risk
48.5,2,83.2,17,11.6,optimal,1,Low Risk
53.6,0,79.3,17,0.3,optimal,1,Low Risk
30.3,2,70.2,13,2.4,distracted,1,Low Risk
42.9,0,86.1,19,17.3,optimal,1,Low Risk
54.4,1,87.5,8,2.4,optimal,1,Low Risk
29.8,2,58.3,13,1.8,distracted,1,Low Risk
76.2,3,86.5,19,29.1,optimal,1,Low Risk
152.5,2,26.9,3,87.5,fatigued,0,High Risk
61.1,2,41.5,0,94.2,fatigued,0,High Risk
100.4,1,44.1,22,87.0,fatigued,2,Medium Risk
57.1,1,85.8,16,22.2,optimal,1,Low Risk
41.5,1,88.2,14,4.2,optimal,1,Low Risk
35.8,3,51.8,17,5.8,distracted,1,Low Risk
171.6,0,21.0,2,109.4,fatigued,0,High Risk
59.9,2,84.0,13,5.8,optimal,1,Low Risk
10.0,5,49.5,20,9.1,distracted,1,Low Risk
28.2,1,70.7,20,2.2,distracted,1,Low Risk
155.1,0,33.8,0,110.1,fatigued,0,High Risk
33.4,3,46.4,12,4.4,distracted,1,Low Risk
134.1,2,50.8,22,61.5,fatigued,2,Medium Risk
39.4,4,73.2,12,5.4,distracted,1,Low Risk
71.4,3,90.4,11,1.6,optimal,1,Low Risk
25.4,2,59.4,11,4.6,distracted,1,Low Risk
36.7,2,65.7,15,9.1,distracted,1,Low Risk
141.8,0,38.5,0,67.5,fatigued,0,High Risk
123.1,0,51.0,23,102.9,fatigued,2,Medium Risk
29.8,5,60.4,15,8.4,distracted,1,Low Risk
33.1,1,57.9,15,1.0,distracted,1,Low Risk
77.7,2,85.5,17,30.1,optimal,1,Low Risk
27.6,3,71.5,14,0.6,distracted,1,Low Risk
64.4,2,82.0,12,13.1,optimal,1,Low Risk
36.7,2,88.5,17,17.6,optimal,1,Low Risk
25.0,3,63.2,19,3.5,distracted,1,Low Risk
65.7,1,85.1,12,24.8,optimal,1,Low Risk
47.7,2,76.8,17,24.7,optimal,1,Low Risk
38.5,3,66.5,21,6.7,distracted,1,Low Risk
59.9,2,83.3,12,1.3,optimal,1,Low Risk
135.6,0,35.0,22,73.1,fatigued,2,Medium Risk
124.0,1,32.4,22,74.0,fatigued,2,Medium Risk
72.9,4,74.2,17,12.4,optimal,1,Low Risk
18.1,1,49.6,19,0.6,distracted,1,Low Risk
13.3,2,62.9,10,9.0,distracted,1,Low Risk
22.6,3,59.3,21,5.2,distracted,1,Low Risk
145.0,0,35.8,3,85.4,fatigued,0,High Risk
65.2,1,87.7,12,21.8,optimal,1,Low Risk
50.6,1,81.4,16,14.6,optimal,1,Low Risk
49.7,1,78.8,19,22.8,optimal,1,Low Risk
40.9,4,55.3,20,6.9,distracted,1,Low Risk
26.5,2,52.7,20,9.1,distracted,1,Low Risk
44.4,3,80.6,14,3.1,optimal,1,Low Risk
124.9,1,26.6,23,64.0,fatigued,2,Medium Risk
63.5,3,92.2,16,10.3,optimal,1,Low Risk
38.6,1,88.3,10,16.2,optimal,1,Low Risk
112.7,1,57.3,21,60.4,fatigued,2,Medium Risk
47.5,1,84.2,12,5.4,optimal,1,Low Risk
24.0,2,53.4,21,7.8,distracted,1,Low Risk
47.8,0,75.9,11,16.6,optimal,1,Low Risk
54.9,2,89.4,16,26.3,optimal,1,Low Risk
70.4,2,75.3,17,28.3,optimal,1,Low Risk
25.4,1,62.2,14,5.0,distracted,1,Low Risk
44.7,1,83.3,15,17.3,optimal,1,Low Risk
39.3,3,63.4,10,7.1,distracted,1,Low Risk
56.9,1,85.4,19,34.9,optimal,1,Low Risk
70.3,1,88.1,19,24.9,optimal,1,Low Risk
93.9,1,41.4,3,95.2,fatigued,0,High Risk
112.8,1,28.4,2,104.8,fatigued,0,High Risk
53.7,1,84.5,8,16.6,optimal,1,Low Risk
65.8,3,83.6,14,2.1,optimal,1,Low Risk
31.3,3,79.0,10,1.3,distracted,1,Low Risk
71.9,4,86.4,8,18.6,optimal,1,Low Risk
57.4,2,88.1,10,25.5,optimal,1,Low Risk
18.3,2,74.8,18,6.2,distracted,1,Low Risk
55.8,1,79.2,9,28.4,optimal,1,Low Risk
94.3,1,53.3,3,111.3,fatigued,0,High Risk
15.7,1,53.6,21,6.5,distracted,1,Low Risk
74.0,3,80.6,18,0.2,optimal,1,Low Risk
114.3,0,36.5,3,83.4,fatigued,0,High Risk
19.6,3,58.0,12,6.4,distracted,1,Low Risk
69.7,1,90.3,15,0.3,optimal,1,Low Risk
111.2,1,43.1,22,99.0,fatigued,2,Medium Risk
21.1,2,63.3,10,4.0,distracted,1,Low Risk
44.1,2,72.1,13,0.8,distracted,1,Low Risk
76.5,3,82.3,9,8.0,optimal,1,Low Risk
25.4,3,40.2,20,1.8,distracted,1,Low Risk
40.8,2,44.7,12,9.6,distracted,1,Low Risk
70.8,2,86.9,14,24.0,optimal,1,Low Risk
28.7,3,65.8,13,6.8,distracted,1,Low Risk
117.4,2,51.3,20,109.2,fatigued,2,Medium Risk
61.7,1,86.0,10,20.7,optimal,1,Low Risk
39.5,2,85.0,13,32.7,optimal,1,Low Risk
132.4,0,43.8,21,100.2,fatigued,2,Medium Risk
21.2,1,65.8,19,8.6,distracted,1,Low Risk
54.4,1,86.5,19,14.2,optimal,1,Low Risk
36.6,1,67.1,15,3.2,distracted,1,Low Risk
69.3,2,84.5,14,17.1,optimal,1,Low Risk
75.4,3,84.4,8,3.2,optimal,1,Low Risk
39.3,2,74.1,10,31.9,optimal,1,Low Risk
51.5,3,76.5,8,33.3,optimal,1,Low Risk
90.6,0,44.2,22,96.3,fatigued,2,Medium Risk
131.5,1,31.2,3,117.0,fatigued,0,High Risk
104.4,1,20.5,3,64.9,fatigued,0,High Risk
42.0,2,76.0,8,7.4,optimal,1,Low Risk
29.8,3,54.2,15,4.2,distracted,1,Low Risk
37.6,1,49.3,15,9.2,distracted,1,Low Risk
53.8,2,65.6,19,4.3,distracted,1,Low Risk
45.3,0,92.9,15,9.4,optimal,1,Low Risk
68.4,2,89.3,10,39.6,optimal,1,Low Risk
54.3,2,90.5,12,4.4,optimal,1,Low Risk
26.2,4,66.9,12,1.5,distracted,1,Low Risk
80.3,2,89.9,9,7.8,optimal,1,Low Risk
74.6,0,43.4,22,108.1,fatigued,2,Medium Risk
95.6,0,36.5,0,67.1,fatigued,0,High Risk
63.3,3,80.1,10,2.0,optimal,1,Low Risk
73.1,3,89.1,10,26.6,optimal,1,Low Risk
59.8,2,86.6,19,19.6,optimal,1,Low Risk
104.0,1,41.8,22,69.6,fatigued,2,Medium Risk
74.8,3,94.0,14,4.4,optimal,1,Low Risk
49.3,1,90.0,18,5.8,optimal,1,Low Risk
43.7,3,63.9,15,1.4,distracted,1,Low Risk
30.5,3,49.9,19,0.9,distracted,1,Low Risk
34.7,0,85.0,15,9.7,optimal,1,Low Risk
27.0,2,49.7,17,3.7,distracted,1,Low Risk
26.3,2,66.0,16,1.1,distracted,1,Low Risk
104.5,2,40.0,2,89.6,fatigued,0,High Risk
57.3,1,75.8,14,35.8,optimal,1,Low Risk
31.0,2,48.0,19,5.0,distracted,1,Low Risk
55.4,3,85.7,18,0.7,optimal,1,Low Risk
184.4,1,59.4,0,100.4,fatigued,0,High Risk
20.1,1,84.6,19,39.3,optimal,1,Low Risk
74.7,1,85.4,9,37.1,optimal,1,Low Risk
98.2,0,47.9,23,96.4,fatigued,2,Medium Risk
43.9,3,49.9,20,0.6,distracted,1,Low Risk
28.5,1,80.3,17,18.1,optimal,1,Low Risk
67.8,2,79.6,12,39.7,optimal,1,Low Risk
151.1,0,54.5,1,107.0,fatigued,0,High Risk
165.9,0,36.7,1,93.9,fatigued,0,High Risk
60.0,3,86.6,8,21.0,optimal,1,Low Risk
92.2,0,21.6,23,71.7,fatigued,2,Medium Risk
69.2,3,90.1,8,3.1,optimal,1,Low Risk
177.7,0,33.4,20,84.5,fatigued,2,Medium Risk
59.3,2,93.9,14,16.9,optimal,1,Low Risk
56.6,1,80.1,13,18.4,optimal,1,Low Risk
95.1,2,44.9,23,109.5,fatigued,2,Medium Risk
46.8,2,60.1,19,7.1,distracted,1,Low Risk
56.4,3,85.6,17,21.6,optimal,1,Low Risk
124.7,1,40.9,23,110.9,fatigued,2,Medium Risk
146.9,1,33.6,2,69.9,fatigued,0,High Risk
134.7,1,56.1,20,71.6,fatigued,2,Medium Risk
149.0,1,56.4,0,118.1,fatigued,0,High Risk
37.2,5,63.1,18,6.5,distracted,1,Low Risk
135.7,0,52.1,3,84.8,fatigued,0,High Risk
